column_name,data_type,table
SiteID,int,dbo_cv3client
RepFlags,int,dbo_cv3client
Build,int,dbo_cv3client
TouchedBy,string,dbo_cv3client
TouchedWhen,timestamp,dbo_cv3client
CreatedBy,string,dbo_cv3client
CreatedWhen,timestamp,dbo_cv3client
Active,boolean,dbo_cv3client
GUID,"decimal(16,0)",dbo_cv3client
BirthDayNum,int,dbo_cv3client
BirthMonthNum,int,dbo_cv3client
BirthYearNum,int,dbo_cv3client
DeceasedDtm,timestamp,dbo_cv3client
DisplayName,string,dbo_cv3client
FirstName,string,dbo_cv3client
LastName,string,dbo_cv3client
MiddleName,string,dbo_cv3client
Title,string,dbo_cv3client
ReligionCode,string,dbo_cv3client
LanguageCode,string,dbo_cv3client
GenderCode,string,dbo_cv3client
RaceCode,string,dbo_cv3client
MaritalStatusCode,string,dbo_cv3client
OccupationCode,string,dbo_cv3client
IDCode,string,dbo_cv3client
IsTemporary,boolean,dbo_cv3client
CityOfBirth,string,dbo_cv3client
CountryDvsnOfBirth,string,dbo_cv3client
CountryOfBirth,string,dbo_cv3client
HouseholdGUID,"decimal(16,0)",dbo_cv3client
ApplicSource,string,dbo_cv3client
IsMaterialized,boolean,dbo_cv3client
IsPermanent,boolean,dbo_cv3client
IsVIP,boolean,dbo_cv3client
PrivacyStatusCode,string,dbo_cv3client
SecurityLevel,int,dbo_cv3client
MSrepl_tran_version,string,dbo_cv3client
BirthTime,string,dbo_cv3client
IsEstimatedDOB,boolean,dbo_cv3client
BirthTimeZone,string,dbo_cv3client
DeceasedTimeZone,string,dbo_cv3client
MSReplrowguid,string,dbo_cv3client
BirthDateINT,int,dbo_cv3client
SiteID,int,dbo_cv3clientdocdetail_bkp
RepFlags,int,dbo_cv3clientdocdetail_bkp
Build,int,dbo_cv3clientdocdetail_bkp
TouchedBy,string,dbo_cv3clientdocdetail_bkp
TouchedWhen,timestamp,dbo_cv3clientdocdetail_bkp
CreatedBy,string,dbo_cv3clientdocdetail_bkp
CreatedWhen,timestamp,dbo_cv3clientdocdetail_bkp
Active,boolean,dbo_cv3clientdocdetail_bkp
GUID,"decimal(16,0)",dbo_cv3clientdocdetail_bkp
ClientDocumentGUID,"decimal(16,0)",dbo_cv3clientdocdetail_bkp
ClientGUID,"decimal(16,0)",dbo_cv3clientdocdetail_bkp
DetailSeqNum,int,dbo_cv3clientdocdetail_bkp
HasExtendedText,boolean,dbo_cv3clientdocdetail_bkp
KTreeItemGUID,"decimal(16,0)",dbo_cv3clientdocdetail_bkp
KTreeItemName,string,dbo_cv3clientdocdetail_bkp
HeadingOne,string,dbo_cv3clientdocdetail_bkp
HeadingOneSeqNum,int,dbo_cv3clientdocdetail_bkp
HeadingTwo,string,dbo_cv3clientdocdetail_bkp
HeadingTwoSeqNum,int,dbo_cv3clientdocdetail_bkp
HeadingThree,string,dbo_cv3clientdocdetail_bkp
HeadingThreeSeqNum,int,dbo_cv3clientdocdetail_bkp
HeadingFour,string,dbo_cv3clientdocdetail_bkp
HeadingFourSeqNum,int,dbo_cv3clientdocdetail_bkp
CodingScheme,string,dbo_cv3clientdocdetail_bkp
CodingSchemeCode,string,dbo_cv3clientdocdetail_bkp
DocTextType,int,dbo_cv3clientdocdetail_bkp
IsSystemGenText,int,dbo_cv3clientdocdetail_bkp
MSrepl_tran_version,string,dbo_cv3clientdocdetail_bkp
SiteID,int,dbo_cv3clientdocumentcur
RepFlags,int,dbo_cv3clientdocumentcur
Build,int,dbo_cv3clientdocumentcur
TouchedBy,string,dbo_cv3clientdocumentcur
TouchedWhen,timestamp,dbo_cv3clientdocumentcur
CreatedBy,string,dbo_cv3clientdocumentcur
CreatedWhen,timestamp,dbo_cv3clientdocumentcur
Active,boolean,dbo_cv3clientdocumentcur
GUID,"decimal(16,0)",dbo_cv3clientdocumentcur
Entered,timestamp,dbo_cv3clientdocumentcur
Status,string,dbo_cv3clientdocumentcur
ToBeVerified,boolean,dbo_cv3clientdocumentcur
ToBeSigned,boolean,dbo_cv3clientdocumentcur
EnterRole,string,dbo_cv3clientdocumentcur
UserGUID,"decimal(16,0)",dbo_cv3clientdocumentcur
ClientVisitGUID,"decimal(16,0)",dbo_cv3clientdocumentcur
ClientGUID,"decimal(16,0)",dbo_cv3clientdocumentcur
ChartGUID,"decimal(16,0)",dbo_cv3clientdocumentcur
PatCareDocGUID,"decimal(16,0)",dbo_cv3clientdocumentcur
AuthoredProviderGUID,"decimal(16,0)",dbo_cv3clientdocumentcur
AuthoredDtm,timestamp,dbo_cv3clientdocumentcur
DocumentName,string,dbo_cv3clientdocumentcur
EntryType,int,dbo_cv3clientdocumentcur
HasBeenModified,boolean,dbo_cv3clientdocumentcur
IsCanceled,boolean,dbo_cv3clientdocumentcur
DocumentSource,string,dbo_cv3clientdocumentcur
ApplicationSource,string,dbo_cv3clientdocumentcur
KTreeRootGUID,"decimal(16,0)",dbo_cv3clientdocumentcur
TextType,int,dbo_cv3clientdocumentcur
FillerFacilityID,string,dbo_cv3clientdocumentcur
FillerDocumentID,string,dbo_cv3clientdocumentcur
ArrivalDtm,timestamp,dbo_cv3clientdocumentcur
HasMediaLink,int,dbo_cv3clientdocumentcur
CreatorType,int,dbo_cv3clientdocumentcur
CreatorGUID,"decimal(16,0)",dbo_cv3clientdocumentcur
HasMultipleAuthors,int,dbo_cv3clientdocumentcur
HasAuthorSigned,int,dbo_cv3clientdocumentcur
AuthorGroupCounter,int,dbo_cv3clientdocumentcur
MSrepl_tran_version,string,dbo_cv3clientdocumentcur
LocationGUID,"decimal(16,0)",dbo_cv3clientdocumentcur
IsIncomplete,boolean,dbo_cv3clientdocumentcur
IsResultsPending,boolean,dbo_cv3clientdocumentcur
IsImportant,boolean,dbo_cv3clientdocumentcur
IsDaylightSavings,int,dbo_cv3clientdocumentcur
HasImageType,int,dbo_cv3clientdocumentcur
ShiftDailyHourlyTotal,int,dbo_cv3clientdocumentcur
CanceledDtm,timestamp,dbo_cv3clientdocumentcur
FinalizedCareProviderGUID,"decimal(16,0)",dbo_cv3clientdocumentcur
ArcType,int,dbo_cv3clientdocumentcur
ServiceDtmUTC,timestamp,dbo_cv3clientdocumentcur
IsLocked,boolean,dbo_cv3clientdocumentcur
MSReplrowguid,string,dbo_cv3clientdocumentcur
DS4PStatus,string,dbo_cv3clientdocumentcur
ExchangeDocCategory,int,dbo_cv3clientdocumentcur
CommunityDocXML,string,dbo_cv3clientdocumentcur
CommunityFacility,string,dbo_cv3clientdocumentcur
SourceType,int,dbo_cv3clientdocumentcur
IsChartingInProgress,boolean,dbo_cv3clientdocumentcur
SendDocToPatientPortalType,int,dbo_cv3clientdocumentcur
DoNotSendToPortalReason,string,dbo_cv3clientdocumentcur
FDSCategoryType,int,dbo_cv3clientdocumentcur
FDSAvailableToPtEffDtmUTC,timestamp,dbo_cv3clientdocumentcur
SiteID,int,dbo_cv3clientvisit
RepFlags,int,dbo_cv3clientvisit
Build,int,dbo_cv3clientvisit
TouchedBy,string,dbo_cv3clientvisit
TouchedWhen,timestamp,dbo_cv3clientvisit
CreatedBy,string,dbo_cv3clientvisit
CreatedWhen,timestamp,dbo_cv3clientvisit
Active,boolean,dbo_cv3clientvisit
GUID,"decimal(16,0)",dbo_cv3clientvisit
VisitStatus,string,dbo_cv3clientvisit
InternalVisitStatus,string,dbo_cv3clientvisit
IsVIP,boolean,dbo_cv3clientvisit
ChartGUID,"decimal(16,0)",dbo_cv3clientvisit
ClientGUID,"decimal(16,0)",dbo_cv3clientvisit
AdmitDtm,timestamp,dbo_cv3clientvisit
DischargeDtm,timestamp,dbo_cv3clientvisit
CloseDtm,timestamp,dbo_cv3clientvisit
PlannedDischargeDtm,timestamp,dbo_cv3clientvisit
IDCode,string,dbo_cv3clientvisit
VisitIDCode,string,dbo_cv3clientvisit
TypeCode,string,dbo_cv3clientvisit
CareLevelCode,string,dbo_cv3clientvisit
ServiceGUID,"decimal(16,0)",dbo_cv3clientvisit
VisitTypeCareLevelGUID,"decimal(16,0)",dbo_cv3clientvisit
ClientDisplayName,string,dbo_cv3clientvisit
ProviderDisplayName,string,dbo_cv3clientvisit
CurrentLocation,string,dbo_cv3clientvisit
CurrentLocationGUID,"decimal(16,0)",dbo_cv3clientvisit
AdmitViaGUID,"decimal(16,0)",dbo_cv3clientvisit
NumUnackAlerts,int,dbo_cv3clientvisit
AmbulStatusCode,string,dbo_cv3clientvisit
ApplicSource,string,dbo_cv3clientvisit
NextLocnGrpGUID,"decimal(16,0)",dbo_cv3clientvisit
NextLocn,string,dbo_cv3clientvisit
TempLocnGUID,"decimal(16,0)",dbo_cv3clientvisit
TemporaryLocation,string,dbo_cv3clientvisit
DischargeDisposition,string,dbo_cv3clientvisit
DischargeLocation,string,dbo_cv3clientvisit
MSrepl_tran_version,string,dbo_cv3clientvisit
ArcType,int,dbo_cv3clientvisit
TimeZone,string,dbo_cv3clientvisit
PrivacyStatusGUID,"decimal(16,0)",dbo_cv3clientvisit
MSReplrowguid,string,dbo_cv3clientvisit
ReadyToMoveStatusType,int,dbo_cv3clientvisit
SiteID,int,dbo_cv3location
RepFlags,int,dbo_cv3location
Build,int,dbo_cv3location
TouchedBy,string,dbo_cv3location
TouchedWhen,timestamp,dbo_cv3location
CreatedBy,string,dbo_cv3location
CreatedWhen,timestamp,dbo_cv3location
Active,boolean,dbo_cv3location
GUID,"decimal(16,0)",dbo_cv3location
Code,string,dbo_cv3location
LevelCode,string,dbo_cv3location
Name,string,dbo_cv3location
HL7Code,string,dbo_cv3location
LocationFormatChar,string,dbo_cv3location
PrintResultsFlag,boolean,dbo_cv3location
PrintOrderSummaryFlag,boolean,dbo_cv3location
SignOrderFlag,boolean,dbo_cv3location
AckOrderFlag,boolean,dbo_cv3location
ConfirmDischargeFlag,boolean,dbo_cv3location
ConfirmTransferFlag,boolean,dbo_cv3location
ConfirmCancelFlag,boolean,dbo_cv3location
UseCareVISIONFlag,boolean,dbo_cv3location
IsClientLocation,boolean,dbo_cv3location
IsPrintLocation,boolean,dbo_cv3location
IsLocationGroup,boolean,dbo_cv3location
IsFacility,boolean,dbo_cv3location
TypeCode,string,dbo_cv3location
HL7TypeCode,string,dbo_cv3location
ParentGUID,"decimal(16,0)",dbo_cv3location
FacilityGUID,"decimal(16,0)",dbo_cv3location
LocnGrpGUID,"decimal(16,0)",dbo_cv3location
ClientIDType,string,dbo_cv3location
VisitIDType,string,dbo_cv3location
IsTemporary,int,dbo_cv3location
HasTemporaryChild,int,dbo_cv3location
TempLocLikeAssignedLoc,int,dbo_cv3location
HasClientLocChild,int,dbo_cv3location
MSrepl_tran_version,string,dbo_cv3location
DefaultOrderSource,string,dbo_cv3location
DefaultSessionType,string,dbo_cv3location
BedStatus,string,dbo_cv3location
UsesAllergyReview,boolean,dbo_cv3location
Capacity,int,dbo_cv3location
CensusTypeID,int,dbo_cv3location
UseDefaultStatus,boolean,dbo_cv3location
AssignedLocationStatusID,int,dbo_cv3location
DischargeLocationStatusID,int,dbo_cv3location
IsSameGenderRequired,boolean,dbo_cv3location
ShortName,string,dbo_cv3location
DefaultPrivacyStatusGUID,"decimal(16,0)",dbo_cv3location
IsDisplayHealthIssue,boolean,dbo_cv3location
UsingResultsAckType,int,dbo_cv3location
IsAbleToEnterResults,boolean,dbo_cv3location
ScanIDTypeCode,string,dbo_cv3location
DrugAgencyIdentifier,string,dbo_cv3location
MedBillingType,int,dbo_cv3location
UseOrderEntryFlag,boolean,dbo_cv3location
IsCloseRuleAppliedOnDC,boolean,dbo_cv3location
OrderTabDateThisChartType,int,dbo_cv3location
ResultTabDateThisChartType,int,dbo_cv3location
ResultTabDateAllChartsType,int,dbo_cv3location
DocTabDateThisChartType,int,dbo_cv3location
DocTabDateAllChartsType,int,dbo_cv3location
IsDocTabDefaultAllAvailable,boolean,dbo_cv3location
AssignTempId,boolean,dbo_cv3location
AdHocBedType,int,dbo_cv3location
IsSurgeryOperatingRoom,boolean,dbo_cv3location
IsPracticeLocation,boolean,dbo_cv3location
HideDateOfService,boolean,dbo_cv3location
HideAuthoredDateTime,boolean,dbo_cv3location
UnitGUID,"decimal(16,0)",dbo_cv3location
PlaceOfServiceID,int,dbo_cv3location
MSReplrowguid,string,dbo_cv3location
CanUseACRRadiology,boolean,dbo_cv3location
IsOffsite,boolean,dbo_cv3location
SiteID,int,dbo_cv3medicationextension
RepFlags,int,dbo_cv3medicationextension
Build,int,dbo_cv3medicationextension
TouchedBy,string,dbo_cv3medicationextension
TouchedWhen,timestamp,dbo_cv3medicationextension
CreatedBy,string,dbo_cv3medicationextension
CreatedWhen,timestamp,dbo_cv3medicationextension
Active,boolean,dbo_cv3medicationextension
GUID,"decimal(16,0)",dbo_cv3medicationextension
DosageLow,string,dbo_cv3medicationextension
DosageHigh,string,dbo_cv3medicationextension
Uom,string,dbo_cv3medicationextension
FormCode,string,dbo_cv3medicationextension
AllowSubstitutes,boolean,dbo_cv3medicationextension
NumRefills,int,dbo_cv3medicationextension
OrderRouteCode,string,dbo_cv3medicationextension
OrderRouteModifierCode,string,dbo_cv3medicationextension
IsTemplate,boolean,dbo_cv3medicationextension
AdminInstructions,string,dbo_cv3medicationextension
ClientGUID,"decimal(16,0)",dbo_cv3medicationextension
RateAmount,string,dbo_cv3medicationextension
RateUom,string,dbo_cv3medicationextension
MSrepl_tran_version,string,dbo_cv3medicationextension
OrderedAs,string,dbo_cv3medicationextension
OrderedAsType,int,dbo_cv3medicationextension
OrderedAsDisplay,string,dbo_cv3medicationextension
IsDAW,boolean,dbo_cv3medicationextension
DAWRequestedName,string,dbo_cv3medicationextension
DAWReason,string,dbo_cv3medicationextension
DispensedAs,string,dbo_cv3medicationextension
RxStatusType,int,dbo_cv3medicationextension
RxVerifyBehaviorType,int,dbo_cv3medicationextension
IsPatientsOwnMed,boolean,dbo_cv3medicationextension
IsSelfAdministered,boolean,dbo_cv3medicationextension
RxVerifyPolicyGUID,"decimal(16,0)",dbo_cv3medicationextension
MedAdminWarningPolicyGUID,"decimal(16,0)",dbo_cv3medicationextension
DrugAmount,string,dbo_cv3medicationextension
DrugAmountUOM,string,dbo_cv3medicationextension
DrugConcentration,string,dbo_cv3medicationextension
DrugConcentrationUOM,string,dbo_cv3medicationextension
BaseConcentration,string,dbo_cv3medicationextension
BaseConcentrationUOM,string,dbo_cv3medicationextension
LenOfTimeCurrentRate,string,dbo_cv3medicationextension
TitrationDoseMin,string,dbo_cv3medicationextension
TitrationDoseMax,string,dbo_cv3medicationextension
AdministrationDevice,string,dbo_cv3medicationextension
DropRate,int,dbo_cv3medicationextension
IVRateCalculationText,string,dbo_cv3medicationextension
DoseCap,string,dbo_cv3medicationextension
MaximumDose,string,dbo_cv3medicationextension
AdditionalVerificationByGUID,"decimal(16,0)",dbo_cv3medicationextension
IsKVO,boolean,dbo_cv3medicationextension
SMMNonFormularyReason,string,dbo_cv3medicationextension
SMMDispenseInfo,string,dbo_cv3medicationextension
IVLineTypeName,string,dbo_cv3medicationextension
LenOfTimeCurrentRateUOM,string,dbo_cv3medicationextension
TotalIVVolume,string,dbo_cv3medicationextension
TotalIVVolumeUOM,string,dbo_cv3medicationextension
LastDoseTakenCodedTime,string,dbo_cv3medicationextension
TherapeuticCategory,string,dbo_cv3medicationextension
LastDoseTakenDate,string,dbo_cv3medicationextension
PrescriptionID,bigint,dbo_cv3medicationextension
PrescriptionGenericItemID,bigint,dbo_cv3medicationextension
IsDisallowRenewRx,boolean,dbo_cv3medicationextension
MultumDrugName,string,dbo_cv3medicationextension
IsExcludedFromRxDispensePolicy,boolean,dbo_cv3medicationextension
RxDurationAmountText,string,dbo_cv3medicationextension
RxIsContinuous,boolean,dbo_cv3medicationextension
RxInstructions,string,dbo_cv3medicationextension
RxComments,string,dbo_cv3medicationextension
RxMemo,string,dbo_cv3medicationextension
RxQuantityAmountText,string,dbo_cv3medicationextension
LastDoseTakenDtm,timestamp,dbo_cv3medicationextension
RxDurationUnit,string,dbo_cv3medicationextension
RxQuantityUnit,string,dbo_cv3medicationextension
IsAutoCompletableInContinuousState,boolean,dbo_cv3medicationextension
IsClinicallyChecked,boolean,dbo_cv3medicationextension
IsTransferMedication,boolean,dbo_cv3medicationextension
ComplianceAid,string,dbo_cv3medicationextension
PatientOwnSupplyQuantity,string,dbo_cv3medicationextension
PatientOwnSupplyDose,string,dbo_cv3medicationextension
PatientOwnSupplyUom,string,dbo_cv3medicationextension
PatientOwnSupplyFormCode,string,dbo_cv3medicationextension
MedicationOrigin,string,dbo_cv3medicationextension
DispenseSource,string,dbo_cv3medicationextension
DispenseAmount,string,dbo_cv3medicationextension
DispenseAmountUnit,string,dbo_cv3medicationextension
GeneralPractitionerInstrOptionType,int,dbo_cv3medicationextension
GeneralPractitionerInstrUnitType,int,dbo_cv3medicationextension
GeneralPractitionerInstrValue,int,dbo_cv3medicationextension
GeneralPractitionerComments,string,dbo_cv3medicationextension
MSReplrowguid,string,dbo_cv3medicationextension
IsPendingReview,boolean,dbo_cv3medicationextension
IsConfirmed,boolean,dbo_cv3medicationextension
IsSurgeryPreOp,boolean,dbo_cv3medicationextension
SiteID,int,dbo_cv3order
RepFlags,int,dbo_cv3order
Build,int,dbo_cv3order
TouchedBy,string,dbo_cv3order
TouchedWhen,timestamp,dbo_cv3order
CreatedBy,string,dbo_cv3order
CreatedWhen,timestamp,dbo_cv3order
Active,boolean,dbo_cv3order
GUID,"decimal(16,0)",dbo_cv3order
Entered,timestamp,dbo_cv3order
Status,string,dbo_cv3order
ToBeVerified,boolean,dbo_cv3order
ToBeSigned,boolean,dbo_cv3order
EnterRole,string,dbo_cv3order
UserGUID,"decimal(16,0)",dbo_cv3order
ClientVisitGUID,"decimal(16,0)",dbo_cv3order
ClientGUID,"decimal(16,0)",dbo_cv3order
ChartGUID,"decimal(16,0)",dbo_cv3order
Name,string,dbo_cv3order
Modifier,string,dbo_cv3order
RequestedDtm,timestamp,dbo_cv3order
RequestedDate,string,dbo_cv3order
RequestedTime,string,dbo_cv3order
StopDtm,timestamp,dbo_cv3order
StopDate,string,dbo_cv3order
StopTime,string,dbo_cv3order
Duration,int,dbo_cv3order
IsDurationChangeable,boolean,dbo_cv3order
PerformedDtm,timestamp,dbo_cv3order
SignificantDtm,timestamp,dbo_cv3order
SignificantTime,string,dbo_cv3order
ScheduledDtm,timestamp,dbo_cv3order
AncillaryReferenceCode,string,dbo_cv3order
SummaryLine,string,dbo_cv3order
IDCode,string,dbo_cv3order
TypeCode,string,dbo_cv3order
ApplicSource,string,dbo_cv3order
IsForDischarge,boolean,dbo_cv3order
HasBeenModified,boolean,dbo_cv3order
IsConditional,boolean,dbo_cv3order
ConditionsText,string,dbo_cv3order
IsHeld,boolean,dbo_cv3order
HoldReasonText,string,dbo_cv3order
IsAutoActivatable,boolean,dbo_cv3order
ActivateDateReference,string,dbo_cv3order
ActivateDaysBefore,int,dbo_cv3order
ActivateHoursBefore,int,dbo_cv3order
ActivateStatus,string,dbo_cv3order
MinimumStatusForActivation,string,dbo_cv3order
IsAutoCompletable,boolean,dbo_cv3order
CompleteDateReference,string,dbo_cv3order
CompleteDaysAfter,int,dbo_cv3order
CompleteHoursAfter,int,dbo_cv3order
CompleteStatus,string,dbo_cv3order
MinimumStatusForCompletion,string,dbo_cv3order
IsCompleteTemplate,boolean,dbo_cv3order
TranspMethodCode,string,dbo_cv3order
FrequencyCode,string,dbo_cv3order
SourceCode,string,dbo_cv3order
OrderPriorityCode,string,dbo_cv3order
SystemOrderPriorityCode,string,dbo_cv3order
OrderStatusCode,string,dbo_cv3order
OrderStatusLevelNum,int,dbo_cv3order
IsPRN,boolean,dbo_cv3order
IsSuspended,boolean,dbo_cv3order
IsPartOfSet,boolean,dbo_cv3order
SequenceNum,int,dbo_cv3order
OrderSetName,string,dbo_cv3order
OrderSetHeading,string,dbo_cv3order
OrderSetGUID,"decimal(16,0)",dbo_cv3order
CareProviderGUID,"decimal(16,0)",dbo_cv3order
OrderEntryFormGUID,"decimal(16,0)",dbo_cv3order
OrderCatalogMasterItemGUID,"decimal(16,0)",dbo_cv3order
IsIncluded,boolean,dbo_cv3order
PathwayColumnHeaderGUID,"decimal(16,0)",dbo_cv3order
PathwayRowHeaderGUID,"decimal(16,0)",dbo_cv3order
OrderSetType,int,dbo_cv3order
IsTrackVariance,boolean,dbo_cv3order
IsGenericSet,boolean,dbo_cv3order
SubSequenceNum,int,dbo_cv3order
ModifyUserGUID,"decimal(16,0)",dbo_cv3order
ArrivalDtm,timestamp,dbo_cv3order
ModifiedDtm,timestamp,dbo_cv3order
ReqCodedTime,string,dbo_cv3order
ReqTimeValue,int,dbo_cv3order
ReqTimeUom,string,dbo_cv3order
ReqTimeEventModifier,int,dbo_cv3order
ReqTimeEventCode,string,dbo_cv3order
VarianceType,int,dbo_cv3order
RepeatOrder,int,dbo_cv3order
IsAutoGenerated,int,dbo_cv3order
OrderTemplateGUID,"decimal(16,0)",dbo_cv3order
IsApplyProtection,int,dbo_cv3order
MSrepl_tran_version,string,dbo_cv3order
IsOrderSet,boolean,dbo_cv3order
IsAddedGenericSet,int,dbo_cv3order
OtherSessionType,int,dbo_cv3order
IsRequired,boolean,dbo_cv3order
CanBeModified,boolean,dbo_cv3order
DiscCancelGroupNum,int,dbo_cv3order
SuspendGroupNum,int,dbo_cv3order
VerifyGroupNum,int,dbo_cv3order
ReleaseGroupNum,int,dbo_cv3order
ActivateGroupNum,int,dbo_cv3order
OrderSubsetName,string,dbo_cv3order
OrderSubsetGUID,"decimal(16,0)",dbo_cv3order
OrderSubsetType,int,dbo_cv3order
WorklistRefItemGroupNum,int,dbo_cv3order
TaskRescheduleGroupNum,int,dbo_cv3order
TaskGroupNum,int,dbo_cv3order
ReviewDtm,timestamp,dbo_cv3order
ComplexOrderType,int,dbo_cv3order
IsLinkedForDiscCancel,boolean,dbo_cv3order
IsLinkedForSuspend,boolean,dbo_cv3order
CanBeSuspended,boolean,dbo_cv3order
AlternateOrderType,int,dbo_cv3order
InitialSessionTypeCode,string,dbo_cv3order
MSReplrowguid,string,dbo_cv3order
SiteID,int,dbo_cv3ordertask
RepFlags,int,dbo_cv3ordertask
Build,int,dbo_cv3ordertask
TouchedBy,string,dbo_cv3ordertask
TouchedWhen,timestamp,dbo_cv3ordertask
CreatedBy,string,dbo_cv3ordertask
CreatedWhen,timestamp,dbo_cv3ordertask
Active,boolean,dbo_cv3ordertask
GUID,"decimal(16,0)",dbo_cv3ordertask
ClientGUID,"decimal(16,0)",dbo_cv3ordertask
ChartGUID,"decimal(16,0)",dbo_cv3ordertask
OrderGUID,"decimal(16,0)",dbo_cv3ordertask
OrderCatalogMasterItemGUID,"decimal(16,0)",dbo_cv3ordertask
CatalogItemTaskGUID,"decimal(16,0)",dbo_cv3ordertask
StartDtm,timestamp,dbo_cv3ordertask
StopDtm,timestamp,dbo_cv3ordertask
LastScheduledDtm,timestamp,dbo_cv3ordertask
ScheduleTypeCode,string,dbo_cv3ordertask
ProcessType,int,dbo_cv3ordertask
TaskState,int,dbo_cv3ordertask
TaskName,string,dbo_cv3ordertask
TaskDocType,int,dbo_cv3ordertask
TaskFormGUID,"decimal(16,0)",dbo_cv3ordertask
PatientCareDocumentGUID,"decimal(16,0)",dbo_cv3ordertask
GenIntoFutureHour,int,dbo_cv3ordertask
OverdueMinute,int,dbo_cv3ordertask
OverdueMustReschedMinute,int,dbo_cv3ordertask
IsAutoCompletable,int,dbo_cv3ordertask
IsTrackVariance,int,dbo_cv3ordertask
FixedScheduleType,int,dbo_cv3ordertask
HasAttachedSchedule,int,dbo_cv3ordertask
TimeFromValue,int,dbo_cv3ordertask
TimeToValue,int,dbo_cv3ordertask
TimeUom,string,dbo_cv3ordertask
EventModifierType,int,dbo_cv3ordertask
EventCode,string,dbo_cv3ordertask
WakingBeginTime,int,dbo_cv3ordertask
WakingEndTime,int,dbo_cv3ordertask
ShiftStartTime,int,dbo_cv3ordertask
ShiftDuration,float,dbo_cv3ordertask
IsLastOccurGenerated,int,dbo_cv3ordertask
ReviewRequired,int,dbo_cv3ordertask
ProcessingInProgress,int,dbo_cv3ordertask
IsCurrent,int,dbo_cv3ordertask
OrderNameSummaryLine,string,dbo_cv3ordertask
OrderDosageLow,string,dbo_cv3ordertask
OrderDosageHigh,string,dbo_cv3ordertask
OrderUom,string,dbo_cv3ordertask
OrderRoute,string,dbo_cv3ordertask
OrderRouteModifier,string,dbo_cv3ordertask
OrderForm,string,dbo_cv3ordertask
OrderFrequency,string,dbo_cv3ordertask
ApplicSource,string,dbo_cv3ordertask
StopAfterValue,int,dbo_cv3ordertask
StopAfterOption,int,dbo_cv3ordertask
MSrepl_tran_version,string,dbo_cv3ordertask
TaskOrderSummaryLine,string,dbo_cv3ordertask
StopAfterAdminAdjustment,int,dbo_cv3ordertask
TaskScheduleDisplay,string,dbo_cv3ordertask
PrimaryParentOccurrenceGUID,"decimal(16,0)",dbo_cv3ordertask
TaskSeqNum,int,dbo_cv3ordertask
HasFollowupTask,boolean,dbo_cv3ordertask
MaxAdminID,int,dbo_cv3ordertask
MSReplrowguid,string,dbo_cv3ordertask
SiteID,int,dbo_cv3ordertaskoccurrence
RepFlags,int,dbo_cv3ordertaskoccurrence
Build,int,dbo_cv3ordertaskoccurrence
TouchedBy,string,dbo_cv3ordertaskoccurrence
TouchedWhen,timestamp,dbo_cv3ordertaskoccurrence
CreatedBy,string,dbo_cv3ordertaskoccurrence
CreatedWhen,timestamp,dbo_cv3ordertaskoccurrence
Active,boolean,dbo_cv3ordertaskoccurrence
GUID,"decimal(16,0)",dbo_cv3ordertaskoccurrence
ClientGUID,"decimal(16,0)",dbo_cv3ordertaskoccurrence
OrderGUID,"decimal(16,0)",dbo_cv3ordertaskoccurrence
OrderTaskGUID,"decimal(16,0)",dbo_cv3ordertaskoccurrence
CatalogItemTaskGUID,"decimal(16,0)",dbo_cv3ordertaskoccurrence
TaskName,string,dbo_cv3ordertaskoccurrence
ScheduledDtm,timestamp,dbo_cv3ordertaskoccurrence
EarliestScheduledDtm,timestamp,dbo_cv3ordertaskoccurrence
LatestScheduledDtm,timestamp,dbo_cv3ordertaskoccurrence
EnteredProviderGUID,"decimal(16,0)",dbo_cv3ordertaskoccurrence
PerformedProviderGUID,"decimal(16,0)",dbo_cv3ordertaskoccurrence
EnteredDtm,timestamp,dbo_cv3ordertaskoccurrence
PerformedFromDtm,timestamp,dbo_cv3ordertaskoccurrence
PerformedToDtm,timestamp,dbo_cv3ordertaskoccurrence
TaskStatusCode,string,dbo_cv3ordertaskoccurrence
SignificantDtm,timestamp,dbo_cv3ordertaskoccurrence
SignificantTime,string,dbo_cv3ordertaskoccurrence
UpdateTaskWhenPerformed,int,dbo_cv3ordertaskoccurrence
IsSuspended,int,dbo_cv3ordertaskoccurrence
RequireReschedule,int,dbo_cv3ordertaskoccurrence
OverdueMinute,int,dbo_cv3ordertaskoccurrence
OverdueMustReschedMinute,int,dbo_cv3ordertaskoccurrence
IsTrackVariance,int,dbo_cv3ordertaskoccurrence
AdminID,int,dbo_cv3ordertaskoccurrence
TaskDocType,int,dbo_cv3ordertaskoccurrence
TaskFormGUID,"decimal(16,0)",dbo_cv3ordertaskoccurrence
PatientCareDocumentGUID,"decimal(16,0)",dbo_cv3ordertaskoccurrence
TaskFormVersionGUID,"decimal(16,0)",dbo_cv3ordertaskoccurrence
ClientDocumentGUID,"decimal(16,0)",dbo_cv3ordertaskoccurrence
SummaryLine,string,dbo_cv3ordertaskoccurrence
ShowDose,int,dbo_cv3ordertaskoccurrence
ToBeSigned,int,dbo_cv3ordertaskoccurrence
TaskReason,string,dbo_cv3ordertaskoccurrence
TaskComment,string,dbo_cv3ordertaskoccurrence
TaskDose,string,dbo_cv3ordertaskoccurrence
TaskUom,string,dbo_cv3ordertaskoccurrence
TaskRouteCode,string,dbo_cv3ordertaskoccurrence
TaskRouteModifierCode,string,dbo_cv3ordertaskoccurrence
TaskFormCode,string,dbo_cv3ordertaskoccurrence
BodySite,string,dbo_cv3ordertaskoccurrence
Diluent,string,dbo_cv3ordertaskoccurrence
AmountWasted,string,dbo_cv3ordertaskoccurrence
TaskDuration,int,dbo_cv3ordertaskoccurrence
CoSignProviderGUID,"decimal(16,0)",dbo_cv3ordertaskoccurrence
CDSOccurrenceType,int,dbo_cv3ordertaskoccurrence
IsAutoCompleted,int,dbo_cv3ordertaskoccurrence
IncludedForStopDateCalc,int,dbo_cv3ordertaskoccurrence
MSrepl_tran_version,string,dbo_cv3ordertaskoccurrence
TaskOrderSummaryLine,string,dbo_cv3ordertaskoccurrence
OrderedDoseOverride,int,dbo_cv3ordertaskoccurrence
GenerateGroupID,int,dbo_cv3ordertaskoccurrence
HasGeneratedFollowupTask,boolean,dbo_cv3ordertaskoccurrence
TaskPumpVolume,string,dbo_cv3ordertaskoccurrence
TaskPumpVolumeUOM,string,dbo_cv3ordertaskoccurrence
TaskPumpDoseRate,string,dbo_cv3ordertaskoccurrence
TaskPumpDoseRateUOM,string,dbo_cv3ordertaskoccurrence
TaskPumpDurationMinutes,int,dbo_cv3ordertaskoccurrence
TaskPumpDrugID,string,dbo_cv3ordertaskoccurrence
TaskPumpChannelID,string,dbo_cv3ordertaskoccurrence
IsPumpProgrammingSkipped,boolean,dbo_cv3ordertaskoccurrence
SkipPumpProgrammingReason,string,dbo_cv3ordertaskoccurrence
TaskPumpDrugAmount,string,dbo_cv3ordertaskoccurrence
TaskPumpDrugAmountUOM,string,dbo_cv3ordertaskoccurrence
PatientItemScanStatusType,int,dbo_cv3ordertaskoccurrence
PatientItemScanSkippedReason,string,dbo_cv3ordertaskoccurrence
PatientIDBarcode,string,dbo_cv3ordertaskoccurrence
TaskItemBarcode,string,dbo_cv3ordertaskoccurrence
MSReplrowguid,string,dbo_cv3ordertaskoccurrence
TaskPumpVolumeToBeInfused,string,dbo_cv3ordertaskoccurrence
TaskPumpDuration,string,dbo_cv3ordertaskoccurrence
TaskPumpDurationUOM,string,dbo_cv3ordertaskoccurrence
TaskPumpFlowRate,string,dbo_cv3ordertaskoccurrence
TaskPumpFlowRateUOM,string,dbo_cv3ordertaskoccurrence
TaskPumpVolumeToBeInfusedUOM,string,dbo_cv3ordertaskoccurrence
IsTaskPumpBagChange,boolean,dbo_cv3ordertaskoccurrence
IsTaskPumpRateChange,boolean,dbo_cv3ordertaskoccurrence
SiteID,int,dbo_cv3service
RepFlags,int,dbo_cv3service
Build,int,dbo_cv3service
TouchedBy,string,dbo_cv3service
TouchedWhen,timestamp,dbo_cv3service
CreatedBy,string,dbo_cv3service
CreatedWhen,timestamp,dbo_cv3service
Active,boolean,dbo_cv3service
GUID,"decimal(16,0)",dbo_cv3service
GroupCode,string,dbo_cv3service
SubGroupCode,string,dbo_cv3service
Description,string,dbo_cv3service
MSrepl_tran_version,string,dbo_cv3service
MSReplrowguid,string,dbo_cv3service
SiteID,int,dbo_cv3servicegroup
RepFlags,int,dbo_cv3servicegroup
Build,int,dbo_cv3servicegroup
TouchedBy,string,dbo_cv3servicegroup
TouchedWhen,timestamp,dbo_cv3servicegroup
CreatedBy,string,dbo_cv3servicegroup
CreatedWhen,timestamp,dbo_cv3servicegroup
Active,boolean,dbo_cv3servicegroup
GUID,"decimal(16,0)",dbo_cv3servicegroup
Code,string,dbo_cv3servicegroup
Description,string,dbo_cv3servicegroup
MSrepl_tran_version,string,dbo_cv3servicegroup
MSReplrowguid,string,dbo_cv3servicegroup
SiteID,int,dbo_sxacdclientdocdetailtextcur
Build,int,dbo_sxacdclientdocdetailtextcur
TouchedBy,string,dbo_sxacdclientdocdetailtextcur
TouchedWhen,timestamp,dbo_sxacdclientdocdetailtextcur
CreatedBy,string,dbo_sxacdclientdocdetailtextcur
CreatedWhen,timestamp,dbo_sxacdclientdocdetailtextcur
ClientDocDetailGUID,"decimal(16,0)",dbo_sxacdclientdocdetailtextcur
DetailText,binary,dbo_sxacdclientdocdetailtextcur
MSrepl_tran_version,string,dbo_sxacdclientdocdetailtextcur
ArcType,int,dbo_sxacdclientdocdetailtextcur
MSReplrowguid,string,dbo_sxacdclientdocdetailtextcur
SiteID,int,dbo_sxammgenericitem
Build,int,dbo_sxammgenericitem
TouchedBy,string,dbo_sxammgenericitem
TouchedWhen,timestamp,dbo_sxammgenericitem
CreatedBy,string,dbo_sxammgenericitem
CreatedWhen,timestamp,dbo_sxammgenericitem
Active,boolean,dbo_sxammgenericitem
GenericItemID,int,dbo_sxammgenericitem
DrugID,int,dbo_sxammgenericitem
GenericItemName,string,dbo_sxammgenericitem
StrengthDesc,string,dbo_sxammgenericitem
MedicationFormCode,string,dbo_sxammgenericitem
IsRestrictedRoute,boolean,dbo_sxammgenericitem
IsKBAScanRequired,boolean,dbo_sxammgenericitem
VerifyRouteOnAdmin,boolean,dbo_sxammgenericitem
MSrepl_tran_version,string,dbo_sxammgenericitem
IsCombination,boolean,dbo_sxammgenericitem
CombinationType,int,dbo_sxammgenericitem
TherapeuticClassID,int,dbo_sxammgenericitem
IsSolution,boolean,dbo_sxammgenericitem
IsAdditive,boolean,dbo_sxammgenericitem
OrderUOMCode,string,dbo_sxammgenericitem
ScreeningUOMCode,string,dbo_sxammgenericitem
AdminUOMCode,string,dbo_sxammgenericitem
CompoundSubClassID,int,dbo_sxammgenericitem
CompoundCalcType,int,dbo_sxammgenericitem
PreparationInstructionNote,string,dbo_sxammgenericitem
SpecialInstructionNote,string,dbo_sxammgenericitem
IsInvestigational,boolean,dbo_sxammgenericitem
PreferredSolutionGenericItemID,int,dbo_sxammgenericitem
AutoSubGenericItemID,int,dbo_sxammgenericitem
LegalStatusType,int,dbo_sxammgenericitem
IsRestricted,boolean,dbo_sxammgenericitem
AutoSubstitutionEffectiveDtm,timestamp,dbo_sxammgenericitem
AutoSubstitutionPolicyDesc,string,dbo_sxammgenericitem
AutoSubstitutionAutoAlert,boolean,dbo_sxammgenericitem
IsNarcotic,boolean,dbo_sxammgenericitem
IsControlled,boolean,dbo_sxammgenericitem
DispenseSubTypeID,int,dbo_sxammgenericitem
ReportField1,string,dbo_sxammgenericitem
ReportField2,string,dbo_sxammgenericitem
ReportField3,string,dbo_sxammgenericitem
DrugCatalogKey,string,dbo_sxammgenericitem
UpdateFromCatalog,boolean,dbo_sxammgenericitem
BillingUOMCode,string,dbo_sxammgenericitem
SoftStopPeriod,"decimal(5,0)",dbo_sxammgenericitem
SoftStopPeriodUOMCode,string,dbo_sxammgenericitem
DispensingContainerID,int,dbo_sxammgenericitem
ADMUOMCode,string,dbo_sxammgenericitem
AutoSubstitutionMnemonicID,int,dbo_sxammgenericitem
DefaultMnemonicID,int,dbo_sxammgenericitem
IsRegular,boolean,dbo_sxammgenericitem
IsLVP,boolean,dbo_sxammgenericitem
IsIVPB,boolean,dbo_sxammgenericitem
IsNonFormulary,boolean,dbo_sxammgenericitem
IsNonFormularyBillable,boolean,dbo_sxammgenericitem
CanPrintCompoundLabel,boolean,dbo_sxammgenericitem
MSReplrowguid,string,dbo_sxammgenericitem
RxNormCode,string,dbo_sxammgenericitem
SiteID,int,dbo_sxammordertaskoccurrenceadmin
Build,int,dbo_sxammordertaskoccurrenceadmin
TouchedBy,string,dbo_sxammordertaskoccurrenceadmin
TouchedWhen,timestamp,dbo_sxammordertaskoccurrenceadmin
CreatedBy,string,dbo_sxammordertaskoccurrenceadmin
CreatedWhen,timestamp,dbo_sxammordertaskoccurrenceadmin
Active,boolean,dbo_sxammordertaskoccurrenceadmin
OrderTaskOccurrenceAdminID,bigint,dbo_sxammordertaskoccurrenceadmin
ScanResultPatientID,bigint,dbo_sxammordertaskoccurrenceadmin
OrderTaskOccurrenceGUID,"decimal(16,0)",dbo_sxammordertaskoccurrenceadmin
ProductID,int,dbo_sxammordertaskoccurrenceadmin
OrderID,bigint,dbo_sxammordertaskoccurrenceadmin
IsManuallyMatched,boolean,dbo_sxammordertaskoccurrenceadmin
AdminQty,"decimal(14,4)",dbo_sxammordertaskoccurrenceadmin
AdministeredQtyUOMCode,string,dbo_sxammordertaskoccurrenceadmin
AdminDtm,timestamp,dbo_sxammordertaskoccurrenceadmin
AdminByGUID,"decimal(16,0)",dbo_sxammordertaskoccurrenceadmin
IsAdminRouteVerified,boolean,dbo_sxammordertaskoccurrenceadmin
MSrepl_tran_version,string,dbo_sxammordertaskoccurrenceadmin
StockItemProductID,int,dbo_sxammordertaskoccurrenceadmin
IsMarkedNotDone,boolean,dbo_sxammordertaskoccurrenceadmin
MSReplrowguid,string,dbo_sxammordertaskoccurrenceadmin
LogSessionGUID,string,dbo_sxammordertaskoccurrenceadmin
SiteID,int,dbo_sxammproduct
Build,int,dbo_sxammproduct
TouchedBy,string,dbo_sxammproduct
TouchedWhen,timestamp,dbo_sxammproduct
CreatedBy,string,dbo_sxammproduct
CreatedWhen,timestamp,dbo_sxammproduct
Active,boolean,dbo_sxammproduct
ProductID,int,dbo_sxammproduct
GenericItemID,int,dbo_sxammproduct
BrandName,string,dbo_sxammproduct
PhysicalDesc,string,dbo_sxammproduct
PhysicalPicture,binary,dbo_sxammproduct
ManufacturerID,int,dbo_sxammproduct
DINCode,string,dbo_sxammproduct
MSrepl_tran_version,string,dbo_sxammproduct
OrangeBookCodeType,int,dbo_sxammproduct
AlternateBillingCode,string,dbo_sxammproduct
ReportField1,string,dbo_sxammproduct
ReportField2,string,dbo_sxammproduct
ReportField3,string,dbo_sxammproduct
DrugCatalogKey,string,dbo_sxammproduct
UpdateFromCatalog,boolean,dbo_sxammproduct
MSReplrowguid,string,dbo_sxammproduct
SiteID,int,dbo_sxammproductpackage
Build,int,dbo_sxammproductpackage
TouchedBy,string,dbo_sxammproductpackage
TouchedWhen,timestamp,dbo_sxammproductpackage
CreatedBy,string,dbo_sxammproductpackage
CreatedWhen,timestamp,dbo_sxammproductpackage
Active,boolean,dbo_sxammproductpackage
ProductPackageID,int,dbo_sxammproductpackage
ProductID,int,dbo_sxammproductpackage
NDCCode,string,dbo_sxammproductpackage
InnerPackageSizeNum,"decimal(15,3)",dbo_sxammproductpackage
InnerPackageUOMCode,string,dbo_sxammproductpackage
OuterPackageSizeNum,"decimal(15,3)",dbo_sxammproductpackage
IsRepackaged,boolean,dbo_sxammproductpackage
IsUnitDose,boolean,dbo_sxammproductpackage
DrugCatalogKey,string,dbo_sxammproductpackage
UpdateFromCatalog,boolean,dbo_sxammproductpackage
MSrepl_tran_version,string,dbo_sxammproductpackage
MSReplrowguid,string,dbo_sxammproductpackage
IsCMSBilling,boolean,dbo_sxammproductpackage
NDCCF,"decimal(18,8)",dbo_sxammproductpackage
NDCUOM,string,dbo_sxammproductpackage
HCPCSUOM,string,dbo_sxammproductpackage
CMSUOM,string,dbo_sxammproductpackage
NDCQty,"decimal(18,8)",dbo_sxammproductpackage
HCPCSQty,"decimal(18,8)",dbo_sxammproductpackage
